id,profit
5195,5.9167795
6540,-13.257483
3606,-8.781613
8514,4.074494
6893,8.22314
1936,-10.725294
1593,-13.3801985
8245,6.7122264
4178,1.034314
3369,5.3372974
5672,10.188411
2238,6.143357
4681,2.7138968
1340,-298.80774
8973,18.032928
8153,54.17348
6162,6.358536
7671,1303.7252
1506,63.67426
2606,-23.497503
8515,23.444971
2373,17.83581
8749,1.8092558
8065,-7.154753
634,-15.830855
6431,169.42638
9867,9.421955
4724,10.781312
6604,5.8148503
2870,10.059172
6519,7.352424
9438,6.145617
1333,26.712044
138,43.875885
3265,24.558489
8121,5.1288233
8082,36.370304
690,-1247.8832
4321,8.982893
2980,1.9344488
6667,700.48285
870,4.0871387
150,122.77777
2372,21.088932
216,3.4757488
3558,-7.3424067
4473,2.8115242
8085,34.18699
8769,3.9131992
9182,231.21666
4582,33.410595
3867,308.76904
7818,9.987464
6693,74.076126
7197,-2.1578705
285,-4.6823535
1196,4.6546707
355,-7.03907
3765,484.75638
8511,-18.800013
2056,12.808954
6241,1.6270906
654,2.541396
5485,6.439632
133,20.694622
927,442.16733
670,-2.7054234
6310,-312.81317
5047,215.86995
59,27.65045
1030,13.436144
933,-9.9117985
6244,0.51781094
2493,2.7571487
3981,6.0404463
5518,2.9619713
1900,69.68537
8182,29.029676
3562,44.783035
966,4.0329742
9328,-127.86119
9562,4.2703123
7212,11.797052
1453,18.606873
455,8.024351
8391,23.274622
2361,3.3622751
8089,4.0395494
9459,2.900601
9168,-46.98063
5615,-1014.74585
6116,224.95717
8483,53.515217
1063,16.608892
1541,1.5081193
1930,-1.3786701
5946,26.276075
1919,-120.156044
9960,16.578838
12,14.081091
8200,60.32462
1972,2.4493852
6069,-0.1497845
9514,5.007187
3605,-11.103134
2065,53.41232
4602,1.7345259
5640,0.98550224
6387,8.316637
643,-77.9089
577,-8.176286
5986,5.6363196
9429,1.1754835
4816,0.8726845
8014,63.712246
6691,28.774069
4260,67.78469
4932,7.545595
9952,73.88529
5423,3.6558802
153,20.079365
2898,56.702873
710,7.908976
6995,-17.19396
8389,5.0427456
4975,13.217891
4208,2.3493423
4967,11.274062
7831,2.1327834
8338,-2.1645126
5556,-4.755852
567,-40.47069
7201,4.2048564
8994,13.056413
8979,18.358412
7978,19.685942
5463,-2.1694977
6064,47.99656
9359,-1.6877486
2347,6.503029
1629,190.98677
6625,10.561724
9475,2.7680461
8229,4.256788
5684,3.2409818
1982,3.4591424
7683,134.14677
2295,-111.29986
1497,38.80725
9907,-0.2141987
7397,-9.125496
8955,6.5850253
6308,-3.0636926
3489,44.21855
2726,-0.45706856
903,238.39845
802,983.5137
1789,1.8733346
6416,8.232008
8660,4.8587823
6373,-0.75036126
4771,-1.8824407
7994,19.661346
7851,10.011832
782,-361.7869
4498,4.739719
1261,10.341034
8222,42.59268
3546,2.9465437
1114,21.190567
862,-2.2285533
9309,5.053697
2395,36.251076
876,11.932058
6238,23.70141
1330,-10.867495
7655,-5.2950954
9517,0.84680647
6246,-16.212845
5603,4.11021
5700,21.68359
6795,-99.4128
7749,5.4216647
8638,-0.59816813
322,-43.8514
198,5.6135817
1125,6.905865
4052,-119.02064
8944,-15.090911
1147,-129.47939
2532,14.312925
4109,129.88657
9163,7.384562
6227,-29.958689
1524,272.63757
9787,18.499208
4168,-132.78668
6766,62.098743
3350,2.8973835
4192,-5.472746
7808,-3.6715565
2289,-375.8536
8962,1.5393306
2854,-71.67219
9410,8.69467
469,-15.941564
8772,3.2959938
7988,1.8899506
2650,11.983657
6087,0.8311567
4819,15.0198
1772,6.546785
3278,184.89868
1968,-1.5214202
8207,1.4328737
8456,-3.6438925
7439,107.21321
2202,-1015.42145
6951,0.753003
4634,-1.3208313
4085,-9.452503
2351,6.0819182
3615,10.649719
2456,3.84428
2933,-217.40123
7330,56.022163
2275,2.8970792
3861,2.782262
951,6.719946
5032,-73.741684
2682,86.294495
2727,28.91233
4199,6.540328
7139,-133.08907
3530,296.26138
7137,3.8515878
2259,17.21655
336,-33.363033
5222,-26.226929
3995,219.45288
8492,1.9082571
623,-40.96063
3180,-25.629988
7019,8.586572
7497,-4.3246617
6936,8.478216
6884,6.29635
2959,28.703833
3247,1.7546022
1535,12.411051
3899,-65.69713
4850,4.4038563
4367,75.872955
725,-2017.7885
7325,25.98737
6737,-138.75142
3523,3.5679574
3708,-0.857435
9756,-245.77145
4165,6.8098903
4561,21.47335
9538,3.4503903
6126,-10.249822
7643,9.328022
6913,0.63822824
6978,1.9553756
9715,2.8731248
2783,-4.8899417
3971,-689.9896
8372,-13.468367
7666,2.72841
5829,69.35143
8771,137.45528
4271,2.576924
5285,10.190312
4566,-41.311268
8431,6.7076917
8921,1.9080158
6195,1.0050985
8134,2.6517065
4827,38.549458
5371,4.690196
6352,6.2115474
8574,4.2102
9373,24.654861
4983,266.99005
6511,15.94789
9741,-47.382088
9833,7.816379
8295,2.2181256
5877,151.16438
3281,-52.699577
2533,0.7909063
3124,13.028822
8158,15.585605
8789,-21.29396
6637,4.6659307
8320,70.382416
3675,15.629926
7320,61.437565
940,0.35520193
7302,17.256954
3641,32.706055
9680,4.9240713
586,4.2992477
5209,-3.1869748
9063,-2.0274835
8972,4.0434937
146,-13.070086
4987,11.788547
295,1.4142125
2424,141.87271
2982,1.3866528
2371,1.2249838
5666,5.0678744
9138,10.331432
6924,-0.21905188
9357,6.9789577
8963,-0.8136531
5282,193.32388
8721,56.246964
5750,-3.160793
649,97.40148
3427,13.740521
7494,1.9457065
2648,-39.06708
3942,20.891115
6512,42.73072
6289,48.669197
4545,262.43692
5204,-115.677124
1643,6.8800206
9132,17.67839
4106,6.126093
4438,-9.164087
131,-10.8418665
4880,5.4049687
5798,48.57083
4229,2.9345815
4700,50.04528
1172,-0.047492247
9336,62.982323
160,21.939278
6720,4.109142
693,336.2449
7857,-601.29443
3271,-2.4090302
8559,6.142225
8012,451.22894
5491,3.2457788
9244,3.3109746
5908,2.8774557
7449,13.628104
5652,-150.10379
3304,-2.6058652
8728,3.5162764
8906,9.100195
4572,-2.792458
5787,-21.591673
3080,7.103273
2642,17.779589
9581,-2.6008663
8562,-57.33289
6873,9.666804
1341,13.5223255
5179,22.828575
9209,8.51162
5157,1.5048511
6535,7.0780687
2458,65.487885
2481,73.323105
1187,10.130234
6970,-10.697171
180,15.720362
7645,-10.197308
8829,-1.6213611
8249,1.7596943
3818,27.250679
7663,-238.67891
6306,10.364041
9134,4.318042
6739,146.20723
2036,0.9176093
4800,25.112759
7723,23.958391
163,-2.3841283
4920,2.3487477
9253,-22.536669
5357,5.567339
646,-11.364289
9737,22.014013
1445,15.244583
281,-2.9958158
2579,20.646757
8203,-1.0696386
1612,-200.74864
9755,6.827439
6478,-8.110993
9851,24.119335
6114,14.3575945
4622,0.64097226
5332,21.873608
6774,55.998203
5484,9.546293
3352,3.1854029
1284,6.8967433
3176,-5.985834
9483,-8.61371
9759,6.7184973
1867,2.1372192
5113,-6.221843
5631,36.232048
9224,93.19228
6785,3.395888
9962,-40.24331
7276,4.643662
9473,64.5594
9799,-7.746998
7096,4.2585998
5363,9.826195
9987,-3.133683
9831,8.974495
4881,3.7096415
990,23.819016
886,4.0839996
3592,9.001977
8292,305.2975
866,63.509758
6712,6.604959
4820,71.38464
4599,6.8424816
8851,-931.13605
9193,21.814615
369,84.91359
4783,-24.000887
3067,4.6601667
9269,2.3617716
7422,-19.007318
7589,4.526797
3634,26.005432
6296,-5.872808
6958,8.852252
3317,-2.4644244
6990,2.016852
3401,-2.501147
329,9.158941
8208,-21.163261
7798,24.508644
2905,82.26916
8147,38.713024
2305,36.1445
3728,18.273504
9860,14.976512
1139,-11.838711
2404,19.332504
6887,191.78217
1238,-23.507874
7903,138.80551
5470,13.949239
1773,-5.9812937
9856,5.5696597
8818,0.5559644
1895,18.524124
855,128.2509
5778,-6.513626
3379,654.5605
2140,-147.75479
722,-27.922401
9542,2.121025
937,1.1682403
8364,3.317188
5717,5.732357
4894,3.7394717
2602,6.324318
4185,8.2756195
9221,73.24346
2154,10.252834
2108,2.3944511
1026,4.4740334
8324,9.370445
1666,-38.411537
8735,7.494336
547,5.0266967
9263,4.7510924
5427,2.4327362
7030,22.186201
28,3.0412612
850,3.3311355
8582,45.384003
2105,4.6881638
3659,10.910766
4900,18.504538
2020,2.9815238
9501,80.86181
2496,-2.7851477
2715,358.98285
8992,-50.722267
8613,13.39174
4553,-53.51994
2466,1.4848834
8070,2.7184627
8345,-204.73694
4145,23.12067
2166,5.449888
7873,3.14798
9819,4.053619
46,-0.2430381
8435,31.578785
4725,274.96414
5462,-54.327095
2304,15.344066
1894,-35.21648
2245,64.1789
451,49.65531
38,9.1358795
6885,4.2845387
6655,-2.405818
7853,4.686266
1761,143.03745
3703,5.9294786
5145,-165.93123
7149,1.9145043
7310,-5.3018804
2185,73.40228
795,-5.200454
2811,103.563515
4218,-0.5135456
8618,-14.596232
3268,27.77242
5408,7.3461595
9041,-12.190681
1720,-11.360929
5815,9.367675
50,14.871656
4756,4.340339
5111,10.452917
6186,0.27813342
8480,5.093037
5716,11.698482
9107,37.235733
9958,-21.914318
4941,43.149193
9028,122.199326
3097,-2.2224295
6882,-3.3310082
6791,2.8082974
7865,0.84481984
6175,3.5375211
1090,15.536443
1016,4.272259
3815,288.76178
137,-159.81592
505,603.2207
4080,-90.47114
3375,19.654587
9800,169.60289
19,3.0163627
9724,14.059346
1571,20.217293
4276,7.1630573
4046,4.6444507
7125,-32.116226
4019,230.12695
2954,-4.539719
4041,3.5165544
9882,4.0924096
9285,12.400528
5977,76.55362
2208,9.495871
5675,0.6056597
6938,5.635731
4237,5.3707223
9059,7.6289873
3231,-3.099949
6295,-31.08955
2645,50.116245
9775,8.703117
9610,8.74656
9276,-13.9474945
6285,-162.48392
6601,22.143223
3125,-1.140337
7216,137.16914
3028,101.18027
3316,-7.1251235
4164,35.687153
9082,2.7383296
2876,12.51792
7002,-11.508788
3164,30.17925
6837,12.476795
6742,14.867896
6564,4404.0015
7696,447.08444
1222,0.87904024
3672,1.7056656
1075,6.796776
3775,9.579683
5528,55.60896
5158,29.57317
4745,10.490407
8360,8.544504
539,-7.505894
5435,1.0692916
8855,-10.346839
2847,353.13986
4637,3.2735689
3517,-10.059824
4966,19.877718
7592,3.4913971
6055,-1.7380751
9594,13.584876
9388,3.5832329
811,48.165268
3274,233.34377
8959,3.8285334
2741,-21.582502
8719,12.756213
7832,6.836185
1884,1.1043544
5912,9.273724
9439,1.2276323
1981,374.2615
524,2.7339587
8587,54.777214
9659,16.03319
4070,6.710054
9288,55.04259
2581,-2.8165739
4726,53.587357
5438,-5.7352843
239,48.899975
9105,5.572019
7869,3.3618646
8176,48.448257
9684,-1206.3394
8610,17.202286
5340,3.419078
9909,5.2890263
6314,27.55543
2492,4.8270636
4600,30.020954
1582,3.136151
7998,7.765209
9825,-572.2269
53,47.394505
6846,-9.287783
9345,-1.8274443
4356,3.5480568
4302,7.3813386
399,2.466612
1178,19.392378
8980,1.7012237
3022,-13.991012
2948,1.1093955
9582,-128.21489
2386,-4.202591
6456,97.72117
9468,173.89145
3308,90.86493
3935,8.293768
1235,-2.0065315
540,3.292517
3824,-1.4360509
7152,0.14346454
9515,-3.327741
1297,5.521072
786,7.8943276
7098,0.4543567
6796,-12.251519
2400,25.15952
7763,5.800337
1450,-19.310072
3486,92.79748
7286,326.19196
1668,5.326823
7794,73.47158
1013,1.2395794
9126,1.2131557
8924,13.241078
5832,8.536896
3155,1.3179747
6212,4.81178
9458,-0.008926349
4033,58.08805
2611,3.3967602
2416,76.640205
6313,1.1221118
7942,-4.693588
972,274.73157
3013,5.1026254
1082,5.092638
6616,19.908354
5215,9.464482
2214,240.1164
6650,-1.7231809
3224,4.1043057
6392,7.53928
6780,-4.8704777
6155,3.4379184
2688,11.159814
5807,-20.55897
9472,12.701074
7849,1.6404386
9260,499.2815
9007,-20.311815
2749,1.5960215
9988,-46.51753
5361,1.0483019
4833,50.43503
4013,14.116739
4312,97.69045
7868,50.103092
5764,-2.1429083
8348,5.1995764
7192,2.4555035
2131,11.18097
7213,6.7401843
9826,53.082726
6405,32.100307
20,6.757307
165,5.3836074
843,11.550811
8892,16.744202
784,19.738977
9225,11.060358
7391,17.401487
5564,139.2768
1446,8.821711
7222,2.6437328
9141,3.1152205
9491,21.927546
4138,41.786064
583,-7.168774
4381,6.2482147
3762,-22.985197
4111,7.7486534
5086,2.4677832
6571,37.66818
9573,8.232492
7934,-1.4157811
1077,3.6875615
9,49.621937
4847,332.96338
8718,-1.4950249
4120,10.994185
8318,4.591336
213,19.976282
3870,2.9985776
6812,4.951268
429,2.1967304
5495,1.5247177
8989,-5.0057316
2116,5.9462013
2704,293.74384
615,94.954185
2303,3.6452482
5830,22.72675
1072,-14.752124
2332,5.7791214
2423,13.314956
3205,6.097718
5119,-9.101389
9656,26.270163
639,84.89132
5143,18.654613
5069,7.219835
2190,6.341025
4249,25.059078
2725,0.84936965
3199,32.634747
861,12.661162
1389,27.338657
2900,5.7588587
5613,-5.926652
6225,5.4217834
9519,0.57311684
5648,32.218845
9560,23.19557
8281,6.591483
1636,91.45972
6807,11.59368
6547,8.332424
6178,-1.7772124
5987,166.10162
2117,4.492033
1113,-2.8223586
1437,-4.714657
9750,133.983
8062,26.03213
8433,2.5362866
7604,4.8989577
8712,2093.137
5073,-37.118515
5331,-2.0611653
8393,0.5213219
7977,3.681743
858,8.658404
1246,-239.57852
2601,2.650323
2031,5.660156
6615,8.443624
3384,-6.6006355
178,6.139664
1688,362.86646
6989,7.6591673
647,22.38354
4705,3.1907797
6210,0.44486713
225,28.591415
7056,10.695251
8709,0.47509223
1206,-1.1959082
6278,-5.409737
923,267.01187
7032,5.7828336
7974,13.493618
1931,-26.833204
2254,8.042037
6275,1.286016
7557,15.879533
7389,6.820049
7620,11.049029
8138,343.57056
1542,0.86152524
794,17.899355
4782,-2.6543953
6113,140.3051
298,5.320633
9493,4.3481665
4787,7.6635637
1037,45.711113
1575,47.992077
8119,41.691364
6457,-0.96474695
2355,-23.445417
6945,2.8100781
7443,8.239033
2564,9.31776
9682,6.863835
1336,3.5319781
3385,306.68375
8296,-59.763176
9240,-0.9689732
3753,-16.744934
3089,-2.03393
3888,-2.5264099
6472,178.12067
1633,-328.7978
3447,2.4440496
824,-15.830424
1886,5.7101607
2457,27.99833
7789,328.4465
3806,19.605124
5546,-5.0457373
2605,39.160748
5870,49.499294
3952,42.161793
9413,29.05664
4362,-472.65128
4324,-7.78993
4609,4.5826125
1528,185.5696
9463,22.664791
3648,-119.522995
9227,4.138269
5494,6.9045773
7084,284.29306
1743,-42.03265
3571,-1245.8468
6102,4.1196246
9032,14.830572
45,8.389306
5766,-11.298827
2128,-14.275083
2701,138.3137
7502,2.8714724
2908,9.433587
9241,73.15587
4617,5.7302113
5576,1.5103084
8621,8.987001
4447,0.12033233
8084,-10.379363
3885,3.927558
961,9.909786
4918,12.2243185
100,3.3275666
8476,5.246125
2508,-6.005061
6829,49.559338
6634,14.394278
7579,690.17175
1084,-0.09718482
1438,-7.0682583
1173,-0.65034795
3642,3.985057
2126,-14.362278
6782,-129.7644
9426,23.545105
1250,19.212065
2359,3.84641
4456,62.105976
9101,5.9503903
9951,193.44463
2633,82.447914
3309,59.779034
4005,-159.14635
9421,60.21369
7829,-0.7360445
5166,3.79625
4588,-2.1540902
5348,-93.45312
3256,42.41124
4320,1197.5591
2675,2.0661755
5277,0.49560088
2409,2.4169643
8145,58.12073
2479,4.0758886
5887,-27.049156
3720,6.3408465
1955,1.4944285
2971,9.409356
4226,6.7841854
6809,13.524451
945,18.19878
5800,3.0896957
8074,3.4710875
3699,13.477013
1649,1.8566982
3279,12.657527
9530,5.762468
7520,2.783238
9843,-7.7793155
2475,2.0693958
3236,2.580695
7109,-29.226202
188,69.74159
6541,6.3274937
125,6.086487
438,19.112074
4691,2.0802512
7136,2.3765204
1731,-16.327312
1321,19.9386
2344,6.632553
3456,15.336075
7260,8.702954
655,26.52273
5718,-134.66432
3922,16.139196
1050,2.2847452
4162,8.520807
2777,6.23875
1741,171.92729
2597,-130.49948
3892,-55.982357
6781,-288.35028
6438,17.469309
1723,-31.678993
9623,10.258291
1382,5.334092
8956,42.189552
4885,208.93008
6821,22.244665
4317,191.8516
8128,-136.14758
2463,0.2312464
7241,11.249715
7629,307.74475
6830,2.4815688
5520,15.72477
9942,14.818068
3302,4.0927296
5154,14.604983
4286,2.2932377
2389,17.00432
8661,282.2779
8606,-142.71066
9521,7.828571
4923,5.6476226
2786,-30.581638
5060,-594.19495
321,-453.86252
9321,-1.5662215
4662,19.231586
1711,2.2392511
8216,18.38763
1185,51.45049
2672,69.40316
6104,58.21393
4319,-6.73358
7227,-18.551012
503,9.380604
5804,45.746117
8022,-45.955536
2015,1.2926614
65,-1.921178
7419,8.489266
6471,9.888473
4210,5.894958
4861,1.2898163
9018,3.1254547
3000,18.965668
1032,35.61772
5942,5.9724364
5172,44.22068
4063,-13.145396
2555,4.557684
4089,252.96725
8813,19.736092
7070,-1.4023637
4191,22.685911
7249,14.489729
8601,20.19722
1396,17.242105
1328,-8.751707
1868,5.942105
5891,8.171496
2970,13.832279
5344,5.202874
33,1.525455
4267,57.032635
5559,30.029804
6518,6.966544
4247,-2274.4429
8304,5.2743654
5084,22.029028
2893,2.7720048
4667,-25.23451
1742,0.5240555
4087,1.2926904
8871,29.61571
1802,5.078985
5278,11.987117
4300,131.16006
3024,2.0354862
7396,3.673506
1813,8.767293
2994,-15.780182
2807,-5.4042673
4240,-37.6771
3197,-2.511514
2708,-32.936672
2958,33.334465
8032,21.090782
5587,1.6121196
2219,16.999784
3580,25.292776
7159,0.93291444
430,-38.913406
1074,-583.5355
8277,7.5157084
955,-125.86095
3037,4.822162
8951,23.400373
4640,-21.763721
8636,8.731522
2619,5.3136396
6094,15.402379
2488,70.822044
4108,0.6177491
3873,-4.43581
3092,2.3627574
4062,8.300774
3519,-1.9789715
6793,1.4239801
7711,22.165056
815,-7.199162
1959,-21.846563
7132,119.74199
8489,185.66681
1646,12.553028
3940,3.460443
3630,53.815403
7909,2.1385093
7923,-434.77515
4573,17.672688
74,-135.18556
6937,26.688679
5127,135.50037
8584,3.5118043
3238,4.443711
7174,71.40624
5592,3.6573727
7284,8.675556
9966,-440.4795
7759,3.068075
2164,-40.187843
2500,-3.0073185
2101,-9.606298
2788,-61.13138
4526,-1882.9503
2897,3.7451396
7779,7.091352
9179,3.011025
4243,29.053215
8745,-40.576885
3113,-2.0959857
6334,31.115065
2843,17.273584
6959,1.0502115
6249,12.814779
9989,14.808848
1908,2.8263133
2989,353.46695
1677,8.110369
3214,5.0333314
9604,44.91705
5334,22.018528
5286,5.0465436
2335,-12.119254
4212,8.507474
2480,17.264288
9526,7.408451
4004,8.703922
2073,25.639904
4129,0.19609372
857,-13.754713
2720,119.93306
6803,15.167534
9853,260.94955
8498,28.891987
4440,8.901632
8388,9.718973
7764,-15.605785
6468,76.14402
1331,15.95591
147,5.426153
4296,3.3511128
3117,-47.743458
5325,5.065446
1607,14.505885
783,4.9958405
4327,4.9164467
779,36.128155
6700,-420.17477
5955,-185.19885
128,0.863485
40,-105.33083
5291,31.109
3584,-53.9702
4399,23.158426
323,-597.2227
5393,31.463114
2863,-66.33322
3223,11.688672
2632,-253.90659
3900,8.463172
9060,43.48257
2640,70.2025
6059,3.8172295
9914,10.324814
7793,20.979645
3034,6.185307
8040,2.8756375
1044,7.860701
9054,3.7561524
7313,4.942891
487,21.727268
5737,-6.395208
5188,28.379162
7005,169.3809
6740,1.3498603
8627,11.594261
6495,2.059544
7931,16.882719
9312,6.8241453
6446,8.575869
3646,27.318602
3212,-9.837499
1992,13.524079
3785,52.333157
9504,6.1504965
5454,4.918967
5037,358.68857
484,21.34234
9324,5.141119
9897,-7.38263
9326,7.086803
7372,10.452786
6688,9.912701
272,2.5208988
6,-3.3425
7526,1.4164245
1108,-0.61792934
5298,16.01687
6826,3.6846964
5504,41.706688
2988,2.935871
911,1.2966169
2805,5.8690763
1159,19.224047
905,-128.00952
8007,4.2452664
4902,0.6267532
4552,1.2463048
4925,43.683727
4989,9.145002
6236,-1.1236378
267,-29.33349
1056,-10.838451
1462,-7.5907073
1798,2.2056506
9393,7.588562
6589,3.9941387
7850,4.4582286
3854,16.063765
3102,-30.34344
2547,9.223993
6343,11.456237
5557,164.25117
90,291.84692
4358,9.201227
8078,59.201027
3822,10.532058
4239,-719.4773
5814,147.66858
483,61.73483
3006,4.0503
6088,-0.45829478
2637,1.6770957
4855,-1.5691828
1182,11.944279
6081,11.7334
4179,-674.49664
5082,7.9079657
2976,14.121969
7899,4.211296
8748,8.606024
7364,9.186326
8517,3.1000242
7984,18.502535
1379,0.49721882
8520,7.4307218
2476,10.518813
436,8.623477
1216,-5.6971517
4366,-86.51476
8630,73.50818
1644,2.4717252
5155,-27.516321
5884,11.4495945
9991,10.488578
8088,482.98822
9293,29.56421
4100,14.984214
8464,4.3560524
8125,-39.765724
8083,12.710423
6926,37.5619
9510,6.0116305
9013,2.1353128
5347,2.7186487
4480,18.926615
2374,5.7074347
2791,-6.697904
4287,2.285052
2272,1.5713804
6619,35.984444
349,-755.74
9806,-284.30197
3289,9.3991375
1737,78.61043
1242,13.63791
4439,75.71489
7441,9.93211
9418,5.9943914
7445,9.138638
2505,-22.110476
5400,-12.183268
7777,79.39544
8306,-931.8532
1879,5.7812457
7962,1.0535222
7140,-11.426906
6208,7.9247036
5096,-176.17976
9494,16.078138
5653,8.760801
9152,3.3762746
5008,-15.254301
3727,-38.676266
6262,3.042732
2133,15.362517
6600,18.159761
7975,153.85437
5643,-23.507238
3040,9.310978
2345,39.93488
731,17.491468
6669,4.631747
2135,-33.884277
3524,12.480266
919,-11.926108
9422,-30.913311
9120,0.8095176
5192,-2.4207625
3085,9.123503
1221,34.835712
2931,7.097395
8611,301.7113
3858,1.5942746
8740,8.651098
6048,32.217056
9417,301.3103
2485,-127.03075
4105,-27.778637
2329,26.731953
7581,3.8715487
8210,-63.057995
2410,-2.3290868
1714,-9.85408
3550,73.91527
6850,38.105583
7860,599.48157
4811,3.5904067
3653,2.8072248
5727,-90.242905
2840,62.371662
9698,5.3273406
3357,11.050644
7437,0.9806338
5341,17.613342
506,111.86169
207,-12.137732
8283,-7.0275407
2883,40.748165
7757,3.0981855
1858,-1.8748507
2784,46.572826
5683,50.714577
8526,-55.540928
7221,8.384636
1496,-20.972061
5469,11.124786
199,0.58968794
9607,4.985526
2535,2.656484
8021,29.734781
3407,796.82404
9207,-14.24107
7039,22.635036
9662,-1.518195
4014,-99.85086
8854,1.9162996
2524,9.348545
9419,-0.5144846
1745,17.299143
6626,16.243546
7339,-3.8973331
7020,28.44085
4,3.7971818
3165,7.920776
5773,0.881008
4254,6.3549094
3088,60.85465
5812,-160.2521
6677,10.036374
8254,3.1217573
4520,241.54442
3850,-11.7051935
9884,11.259137
2501,-21.91699
1829,1184.5795
152,20.519121
1156,100.11958
4812,50.240086
6583,13.808516
9272,21.462982
8238,-176.39366
2647,5.3481603
7648,65.25281
8264,2.8466594
6948,2.7370236
191,-359.2387
5639,14.720865
1175,-4.7051787
6469,10.065389
947,4.8660617
3441,7.141864
6491,55.015396
9004,-0.6721139
5789,4.5721207
3070,5.7238283
9924,27.348413
5058,11.818681
2011,6.0969214
6769,1.2851832
3253,4.061894
6151,7.5239196
7455,29.91511
1556,7.67153
3640,2.767415
5190,-0.83643806
8219,-10.455082
3170,35.195698
9237,-154.32677
3445,11.65533
9474,5.339534
2677,-1.4815041
1176,149.77803
1482,6.3178887
9953,44.54023
3781,18.050558
7888,43.009995
1563,1.323187
3963,8.33102
2823,3.0594769
5513,5.5474114
1915,14.911044
426,-7.852122
2182,-136.49342
5448,-19.95605
7060,0.63347614
5949,-8.86586
8419,14.957404
8622,2.9095864
5688,21.193523
7424,4.5261645
5099,-2.2500443
3010,249.9014
4370,39.803383
1015,-1.6274173
4376,21.830683
4733,-141.94173
291,5.19481
9034,40.675613
7603,1.4530824
2731,20.750734
2184,4.181703
5116,12.819426
5905,1.1599611
9021,3.3379524
9537,6.107294
3707,27.851448
9554,-24.044567
4359,2.9303293
37,-1.772903
2414,6.6305037
6605,49.25248
3466,-31.680061
2446,4.790801
7651,17.575691
385,24.14805
3303,-6.499386
6620,85.5137
4124,1.4628836
4420,10.521353
4610,8.601276
7038,3.7216015
9378,4.356759
175,35.526684
6696,2.4031687
2588,8.764842
8684,17.841516
3480,168.72672
4387,9.288469
2298,6.7250433
311,-14.658118
9310,7.999762
1938,4.0721564
4547,0.15143582
8864,-54.816917
6115,2.1055362
8154,3.4317925
734,-1.4145315
5308,72.29795
5151,-9.161296
1841,4.093756
9031,31.926964
7173,23.64016
4742,1.2284026
9318,5.1275067
1776,662.229
856,58.10256
2257,-43.0899
9772,-1.1484388
7540,4.467426
4652,2.8104985
8081,5.149708
7250,-102.963905
4621,-11.57792
6960,-6.0591717
9242,18.40845
1454,1.2237575
9513,-2.3627007
8024,-904.01654
7457,9.628362
5749,4.110094
5071,3.2171838
3452,3.251579
2763,56.435177
2842,0.31453383
9839,63.296078
6932,0.21612515
4951,-68.16555
1423,31.084759
755,101.80987
2761,30.332823
5968,2.158176
1326,-271.40964
8953,277.6835
1181,-24.73577
7326,35.6491
2658,5.3533945
4099,58.768185
3604,34.940884
6476,3.5647964
6084,12.546644
3416,-0.970955
3645,-3.2366464
2717,11.800154
4990,-9.696614
6673,5.220048
5545,13.6984625
1468,10.171909
8059,216.48013
996,20.170233
6459,7.869478
8809,27.412575
6205,-131.51868
243,55.227024
2059,65.48193
4748,8.715558
1811,6.6127806
9934,4.410457
8960,-3.7553928
4884,6.8579206
1337,972.1306
4892,4.526359
9740,-79.38449
335,-0.6556798
6516,44.041508
5907,-839.7473
2220,2.338853
8250,1.9430571
9540,-1.593726
9341,-5.622338
2354,86.08579
8484,1.7002469
595,2.2687573
2180,5.206034
5036,18.416952
5703,-21.965776
1929,0.8832684
2571,24.977356
864,-0.75360924
7074,8.254969
4968,39.076843
2698,5.325607
1625,24.639343
2236,-7.2029753
5777,-158.16338
7587,540.84045
222,7.571267
7219,27.747837
5808,13.934674
3470,37.296417
1954,51.88215
6051,9.097747
3671,3.1706004
1316,6.6365657
6567,1.1772805
6603,-15.155856
5780,27.148762
7234,22.311647
8557,20.835712
5026,-2.7650046
5733,349.90372
5690,34.318165
2789,2.7997425
4188,-57.960697
1774,3.740949
3248,-472.86478
1932,30.936148
1433,12.156578
4392,-164.66246
3005,5.000859
1022,15.47149
3168,3.6207511
6544,5.6327853
2703,-0.3338169
2915,0.58566463
6683,0.22773348
9817,83.19876
5502,7.43636
4768,17.86153
841,310.64197
5769,-46.451317
4437,3.4915202
1073,27.413475
3121,3.8424354
9900,7.3844337
3362,54.405247
3965,-3.4262624
1548,10.6181135
6002,5.51153
9524,-8.384668
7693,9.745567
7337,-11.580726
2339,3.3452747
6254,6.7096477
5028,6.1056514
851,23.006573
5039,142.38754
9346,4.0373445
9181,-699.76874
2923,8.296261
9088,16.905115
5161,6.987884
8174,13.694503
6367,-0.42147988
8478,-0.031985596
1783,29.706789
3094,1.4480224
3603,13.963935
1555,-28.127317
832,17.0577
2664,-14.523877
3477,14.501902
4272,59.339375
3914,-49.505623
8880,11.680188
3297,24.032223
2435,9.026629
1815,27.278955
8033,-5.824204
8328,19.758007
4405,61.02192
94,15.865758
121,22.355936
915,-2.747245
2160,81.58028
807,-10.1409445
733,6.1563296
9899,4.703049
1207,6.3911757
9771,4.045516
246,-1.118686
5321,53.382946
3210,-2.1183116
2873,4.1301413
9266,14.753841
4246,0.1248696
6733,40.53921
6584,5.4564576
1167,-3.3596568
8487,19.344751
4669,-1.0454458
7761,-1.9071822
2924,-5.899664
2860,70.70028
5221,-65.86827
6345,765.8691
5497,7.077528
1700,-149.03355
3717,508.6704
7898,197.5523
1823,-8.634485
1385,52.100853
2326,-2.2215624
5511,48.526268
7936,6.9047456
8673,8.180075
3945,17.7904
5410,-6.0491886
6917,-44.45194
6355,-254.97562
4854,1.6410154
9432,1.8302194
8191,3.638372
5845,-592.2466
8846,-6.6892285
1788,30.154913
2323,-16.979706
936,1.7069635
978,-479.65698
8344,-6.6442122
9598,-0.053198904
6194,3.8705747
387,1.4314184
9290,-30.034386
3802,28.596691
4687,-13.564928
7126,3.6586251
6323,412.17783
1209,0.74124897
8768,-267.75107
8036,26.527357
7246,6.6493397
6801,112.88612
5999,23.547985
5776,105.27285
5916,5.74332
1418,-60.13463
57,7.6749167
3880,-1.7412881
3075,-14.017323
1202,1.3580484
6136,332.63593
2794,69.2058
5819,3.4529808
3140,2.5030398
8230,3.2139685
4491,17.163364
8987,1.2207162
4677,-19.207882
1399,-10.264552
585,-13.0298605
8575,4.28032
6024,-9.751162
6906,9.986839
7243,0.12888244
6775,8.57245
7423,-0.097189575
3930,-0.13941088
2151,33.665955
6545,-7.5472937
2540,4.8794966
8852,224.50516
3285,3.076128
8402,15.663847
6365,43.06164
3150,2.5462506
826,366.36954
9879,108.22388
7327,2.4088519
2942,139.09215
7383,-70.26295
6971,23.736435
1223,1.2248714
9174,-13.852498
4415,-22.629333
3538,17.583767
8802,9.639622
6736,-2.318112
449,1.6436833
1463,82.61969
3736,8.056512
9440,15.676245
3103,15.745623
7261,28.925188
5176,29.287214
6798,5.576619
7915,9.719917
1286,2.257165
2268,71.128456
7458,-29.338982
7155,-399.1797
1071,-2.3547022
7110,16.135668
7534,0.85873234
9842,166.28696
941,37.19097
3082,1.5874705
2719,-6.024195
7468,-0.46565065
1107,-17.348362
9140,-21.873142
5456,91.90242
596,-23.113886
9726,-146.63417
9080,9.119027
949,2.9292407
1234,0.51419526
6964,1.9172251
5627,-97.57322
1520,23.772072
8914,24.694008
1978,21.31316
4766,-47.18354
7544,1.422407
4223,13.580134
5013,46.105064
3689,220.16695
8681,0.24875897
5022,37.01059
2046,10.772928
1489,4.8181896
6320,4.2720804
6213,-31.414654
6408,2.6635475
1388,10.988718
6835,46.099125
5731,-742.48804
9552,65.984276
1669,17.777178
4619,140.08578
1456,37.694595
4081,0.9308519
8941,33.882553
3141,3.3905764
1645,5.3037267
7633,42.221043
6413,-1.4521946
854,-55.11492
7504,24.440903
9311,-3.8787508
2820,-34.429226
132,48.609447
7472,-7.9849396
2506,29.378082
9445,3.6895273
2901,0.7479388
2662,7.277866
6206,40.469044
3073,-6.239624
7069,14.500781
7855,6.7450676
1678,30.794056
2129,28.28449
5476,1.6288615
6038,13.397821
1882,138.62352
3467,-0.13224167
5674,56.71134
3389,-3.3114872
4065,-0.035863932
6394,-126.356834
4773,10.567704
7819,-4.3571153
2828,126.4612
9015,4.673619
7729,19.134823
1621,55.82214
2997,89.39061
6350,11.940118
7512,24.131374
4810,-34.883003
6741,-3.7500396
6288,8.0473795
1779,2.3786643
127,5.280832
6330,0.7745035
7863,10.208016
1750,-5.3257637
4318,17.98451
6941,4.990173
497,-10.645143
9717,4.020225
9845,-19.731941
56,21.993326
3594,-6.4324408
9866,-372.3272
3974,0.10591694
8674,83.37919
5782,12.607323
8430,14.970234
9416,3.5310683
2700,2.3526118
5762,-23.069801
6303,29.111649
7251,-0.6025979
366,-32.136703
6654,2.5043478
6999,-13.842889
345,11.356053
66,101.5261
8178,205.54274
3366,-11.764579
8072,5.370784
1485,8.225774
1952,51.467564
8167,5.6503983
3472,2.3783858
9986,-19.146753
7814,10.074281
5840,7.571651
5422,-0.2905599
4784,-6.9949355
6629,14.47447
6833,5.137309
3983,1.894145
6417,16.174788
3668,7.181442
7037,3.6373527
9160,15.680883
5722,115.03258
632,19.794933
6517,11.378077
9898,131.99077
9495,-7.376924
5918,29.878822
5105,9.245423
4653,14.30793
3300,-2.5843217
6201,15.965528
549,481.18686
8551,11.020411
7948,-7.832832
660,11.656934
4853,1.6957572
2538,-1.350473
4277,-1.0905985
7841,-40.777447
8013,-28.832275
7097,3.793755
190,41.455734
3076,-5.9115067
9453,86.17706
5585,11.8350725
9948,1.9760439
3408,17.362339
7562,92.05615
4406,4.43551
800,-1.1859058
3410,-5.3269033
4980,-10.541945
1343,2.7359793
8164,0.93590146
5702,3.262445
6602,138.00111
4413,60.025135
8843,7.4181275
1585,5.366728
5837,-15.092982
7839,147.3273
1911,7.3476295
8475,-6.4124565
2516,5.905365
1338,0.25180143
4354,2.3548489
6611,-2.810545
5213,-2.9127958
3813,-725.5161
8450,35.266266
6597,2.7946362
2822,1.5351105
8554,4.172786
9874,2.7361453
7133,5.26198
2330,-20.288004
2139,-4.366753
6806,11.306687
1053,-72.45159
5211,41.62061
1672,6.7601604
5479,-12.190822
5171,6.426519
1062,14.378257
4870,247.68129
825,-15.623582
5306,68.09917
374,19.300482
6788,-0.47367382
9492,8.780334
5928,4.270175
8688,152.42615
4828,9.503778
7516,30.936089
4225,28.624596
5236,127.79149
2051,4.8165503
9723,7.028801
35,7.168533
9139,4.345391
8930,23.117785
7355,16.091566
9201,2.2666101
1329,-971.04114
9502,18.465624
553,2.3997223
9895,-65.24151
9180,0.9122801
122,26.753561
2377,-11.818978
5835,-10.212971
1278,3.8203175
8553,31.94781
7564,12.635949
9323,-220.38829
5005,-0.8483937
5866,109.136055
6082,-15.50066
7183,-77.93133
3773,5.8162026
7964,-47.878128
7918,10.656943
8308,17.846188
154,0.3944666
228,75.04133
5831,2.5472784
1916,1.4848276
2200,-21.84219
2498,221.87634
5263,5.964628
8027,11.314399
9765,2.4886334
3552,62.209614
6994,13.59478
136,17.491505
7287,-169.81279
2434,4.2741265
6070,6.1418953
928,4.766543
44,4.5484104
9119,112.91609
9178,-79.63806
1907,1.7696831
9677,35.106796
2063,3.5336084
514,1.6933076
458,-1.176103
6318,5.9788346
1579,24.12933
3252,0.92678523
7736,150.98177
7051,-34.091923
7045,92.19138
9968,3.8844488
6377,-3.607977
4964,3.8342586
4948,-2.0955698
1658,36.68617
8863,-16.744562
3406,92.08818
5445,-152.19666
7103,540.75555
5940,0.02725072
5376,11.5449505
8003,-704.3597
6645,2.1204817
5168,0.25844014
7447,14.091797
8352,1.9845395
5515,-0.39325824
1964,23.682135
510,2.9152882
3230,5.5571575
5493,24.472107
6409,48.233574
6679,2.2572865
4360,-94.38585
4214,-29.660141
9666,-1.558424
633,3.9640663
4006,-64.11983
9569,0.87222123
2503,0.0961201
2201,2.8946729
5126,26.117315
9646,-4.467553
6047,3.690966
1440,83.47109
680,53.672684
5478,9.248903
9115,34.868603
320,-1.7741216
347,32.36856
2420,9.810085
8368,353.52228
9360,95.60273
4829,3.4120007
7611,18.871792
8177,51.955944
3435,-69.65835
4598,0.8727138
4843,64.18584
9753,24.28572
6943,12.748913
1587,7.2067695
3290,4.0133357
8966,-1.9957185
1664,-64.92503
6189,6.829001
1970,-14.514014
4273,-69.02377
7958,6.24943
8889,-27.371748
9841,115.16372
1507,2.2583206
9649,2.7877705
721,-1.5246507
4430,26.945822
6376,20.78861
8358,7.320117
1400,-23.743177
1767,0.95717436
1771,-1.8183213
7838,5.0559077
4177,29.619543
6638,13.205579
91,5.764258
3333,-38.443542
3393,-6.3204174
7035,-17.464972
6963,20.22692
8350,6.815585
289,11.880614
5969,5.391903
628,-160.27838
2019,-3.877782
7752,-23.094751
7368,-0.15708767
4995,56.152435
4023,195.02702
6012,-360.39417
6181,12.276669
715,-39.39215
7335,-1.649906
9612,-39.680527
5016,42.66485
3786,1006.24976
8746,7.3588543
386,10.454998
4297,97.57876
2052,-18.888548
8038,5.887775
7075,42.58981
3627,-74.77845
8902,3.555767
2227,9.889175
4574,3.626037
1092,343.98474
4152,1.9856746
6432,-6.807216
5055,5.1864433
109,24.18663
516,11.756801
7691,4.4088793
2482,1.4102793
7065,4.7132154
8415,1.9655113
4017,269.54584
2246,2.0198815
6344,57.62962
9452,-13.805808
5319,7.0533295
8346,9.26773
9358,-15.025857
9943,8.181083
7150,-20.147207
6762,2.08822
7640,1.4650981
7480,48.11693
1488,-31.069359
5294,3.9797556
1608,46.598057
5699,-13.652283
2885,8.554844
3459,2.4667914
6810,1.1882287
9202,7.762232
3310,6.877655
2392,-128.04425
9876,-37.20737
5558,47.962654
3700,19.130114
5568,15.397842
3657,2.3362675
7800,-3.6761937
6618,-12.09181
6988,29.780365
3418,385.4185
2452,-10.749123
4531,14.21979
4758,3.6901383
9941,0.5549427
6763,7.151793
2824,23.689821
3087,5.109584
4374,6.210198
3015,12.398018
5391,4.8087883
7178,-581.27423
3840,1.0553838
7653,11.307593
2037,-3.6997397
7989,3.0721679
9975,-36.533737
7806,22.279976
8834,19.974709
8993,72.6718
4264,3.4834964
3754,6.504539
8999,81.70654
6784,9.878468
703,147.00009
5644,8.372589
5671,15.892939
775,6.338664
7311,5.00799
3237,10.090045
7168,48.98072
2815,8.645382
8184,-1.037377
6165,2.2517111
1464,15.871482
405,311.17593
7017,8.570835
6841,6.9862666
6690,-167.17535
791,1.1567184
8423,3.8984845
2278,85.65581
1259,-23.861584
5818,7.498921
1801,2.1950576
5085,53.765594
2387,-21.84739
5608,0.18728797
319,-52.57589
3367,18.694162
1309,1.3603971
3233,-43.79158
7025,-2.3213494
4972,39.20186
7722,7.78356
8765,-2.9136753
7937,9.712694
8542,-12.506912
4187,-6.1667857
9923,-48.558514
7001,-7.9012856
6163,6.9778852
9645,51.499836
2961,-5.052246
6822,6.8700256
3272,17.312843
6149,-35.74324
5199,8.157206
7153,12.252391
2341,49.50425
8995,1.4410262
6299,21.022903
3909,-507.53946
2624,-27.468351
4198,17.198046
13,5.007499
2651,14.073175
796,-1.3892095
913,6.365877
9252,-1.7616289
1778,2.7424407
8405,24.473509
9470,17.171618
5359,5.156789
9889,-2.05172
740,11.49359
5180,3.6219792
3465,-48.192596
3332,14.190785
5083,22.79678
8700,-2.4221072
1045,-309.60272
2453,2.9627604
9036,1.5044816
4515,-1.637018
7342,3.6802113
5439,22.562016
8635,28.807108
4790,1.9606749
8937,1.9704144
1896,3.6412506
2806,-5.7486324
6453,8.530288
5847,10.427067
3590,1.0645064
5853,-7.3190255
4786,-38.721935
957,0.085266836
3721,2.1841507
6695,9.247032
7771,-0.22072628
1926,9.071365
2841,15.681912
4146,59.9325
4732,94.50382
8770,-9.071123
9805,11.369976
3852,7.294575
7519,-33.699303
9910,3.9052932
765,13.725965
7170,3.387435
7599,6.9016166
9053,-147.39153
8132,-3.3532107
1267,3.0382962
8853,8.38449
5059,-1.5704199
3286,-0.005131103
3649,-2.0143447
2607,11.106156
4851,-2.5004141
7872,5.0442924
1085,36.827133
4329,-19.725107
3412,-50.843018
5398,5.2503896
5018,609.86053
9471,-46.6445
1141,40.617832
9597,47.717102
5007,0.32172376
5797,28.199265
1124,-14.88792
9714,76.4548
5813,9.009277
4883,27.546616
7210,13.46886
7657,4.8697386
6451,5.0564137
4500,4.444229
5594,98.641685
7162,3.0165584
8181,20.127699
3714,8.7670355
8572,40.723747
7745,19.68212
4140,96.613014
1017,8.351688
1732,-79.51319
9729,132.21014
5974,10.691141
4730,7.1279197
7614,1.4943464
9355,2.20887
6804,-193.27347
839,-34.745605
8974,-3.501027
7628,4.632779
260,61.569927
6264,12.511523
24,2.2045248
9796,126.46989
8331,9.764479
3747,6.5966516
8037,-20.66051
3319,-6.024151
3288,382.50546
8294,10.118831
479,9.917204
8312,-966.0318
6681,4.214696
4315,2.1388032
8665,-50.47834
4076,-1.1217506
2206,148.31958
1189,0.33510667
6423,150.3611
9931,-12.884646
4644,48.529633
1426,13.246833
924,2.2660348
1897,1.8339976
3446,18.217697
4761,-671.3122
6407,38.17693
6800,-100.09597
511,36.621777
9424,5.928252
3404,6.1109796
5851,21.999825
8169,5.460072
4093,25.47135
1188,5.847093
3729,24.480808
5046,81.701065
4901,10.531893
6542,-2.7970603
7924,4404.0015
5337,-8.278527
5053,2.3563478
3348,5.236088
7122,1.6720319
5453,7.283509
984,107.18043
6148,211.09395
1630,5.86132
7646,4.6203346
6214,26.987318
8259,-806.20557
9745,157.88734
1270,27.08306
3797,0.9085572
6624,3.963656
5232,-10.786865
8648,-11.159975
7878,4.9688764
4837,-37.281033
8108,5.9404683
170,43.1124
9664,-9.249864
5169,-8.934828
2040,1.7260725
880,134.05502
7836,1.157101
6068,-24.296858
8544,3.95939
1253,8.236343
3853,9.479225
3902,9.472616
9919,9.209619
9626,6.902575
5074,8.877462
6663,80.52737
3098,158.70209
6939,-1.1810852
7033,-31.68034
6160,3.2194982
4446,220.66573
6562,5.0738497
8780,1.9021637
899,11.830746
8640,39.210285
2812,1.3780746
7130,6.215385
4021,-115.35138
2827,0.32706693
6879,-31.55482
9299,10.88962
1899,5.1601133
3710,12.5932665
3827,-8.319654
4913,2.5004547
5269,9.52002
4011,14.68193
6142,50.033466
9568,12.584812
2249,5.0663795
2565,11.949924
6105,-31.037111
1875,-1.2327613
2113,13.754583
2634,12.781767
5187,23.542738
6150,13.417868
9215,1.3609279
3767,14.690366
4305,-24.32826
7401,-1227.6669
3808,-11.1100645
5900,0.34086177
9173,-13.451981
2683,12.837129
5262,-22.672523
8708,4.7315593
6927,7.217768
6844,3.5646958
6555,2.5765893
8767,37.317966
4985,9.200899
7788,21.606058
8201,6.784056
6549,-1.145201
9911,1.4328096
1268,43.90732
500,-0.65549475
728,6.475369
1998,15.521123
767,-9.599742
3676,22.761845
6287,0.16437772
7306,7.3859386
2263,427.10605
1421,-2.3205934
2595,3.333498
4729,6.2347126
4298,73.69951
5579,19.152576
2062,-37.622623
3269,5.1565785
4398,-1.8899094
1690,9.088341
9965,2.7225003
8840,-4.026835
7080,9.726094
1241,28.333542
7009,-0.048849903
9069,25.87614
1393,7.4485126
8442,-19.652802
3186,-167.09755
8580,2.5241692
4386,0.576668
1180,11.280187
5632,69.72087
692,7.728566
8764,4.3779316
3235,2.9047163
3744,-22.711388
834,2.7817018
80,-22.987047
9339,-2.6940258
3588,44.207153
3733,71.35106
5923,-9.011994
6240,1.9541852
1973,-38.114964
3096,6.1022983
9703,54.525444
7613,55.799915
7131,1.64099
8754,10.717021
9563,2.3523016
727,2.106401
2656,6.9326615
5742,1.1723708
744,1.2265141
4303,15.42145
7453,-0.6765068
4605,1.2797856
5948,7.5645747
5934,12.206282
4611,24.89143
7067,0.92117804
372,6.6531444
8482,24.395277
8891,7.4922004
8058,9.633032
5678,4.888416
2170,0.40335846
2676,9.188083
5945,2.0493283
3039,-4.910021
444,-7.1900616
2152,24.519777
6647,5.033743
1319,198.48398
5967,-41.795708
2766,1.6744366
2016,1.3477098
3792,-3.6100538
7725,-6.5464425
8066,205.38878
4750,6.8184385
2191,18.63449
3990,-11.18753
3479,-14.591513
9686,13.821126
6993,112.04602
5429,4.6044297
7704,23.031088
363,27.063087
1933,11.491677
3521,-17.428776
9827,20.207115
7387,5.768748
2322,22.98706
3706,12.060004
5475,11.825662
9137,3.282026
1240,0.63063616
4050,24.408167
7638,3.9890554
7367,3.2966814
424,0.93447477
4232,-9.512787
7184,1.3226331
3464,18.83369
3525,6.4372463
4746,12.54651
26,8.625285
4767,-16.066439
1483,7.736827
1193,1.2051144
3296,23.018034
5833,5.6350455
262,48.61126
6361,6.492489
118,78.32958
979,-75.51471
1939,7.286841
7510,-2.236861
4655,3.2807496
5651,8.449554
2130,-113.46738
6852,-8.55469
4647,28.110867
3879,12.272137
3620,-3.88176
9681,12.673642
677,0.3967249
9218,251.54709
6892,15.794826
2172,-21.92244
9641,1.5653081
8525,8.322673
5014,8.518563
6277,0.61724794
4330,-1.442566
9112,6.360898
7662,0.10558641
148,17.185038
809,8.780939
5246,1.4326997
1014,77.29948
6056,62.135292
5307,94.78221
2147,-23.67
7493,-36.173676
4952,25.758219
1444,8.688342
3134,8.704469
7255,-2.7301133
2274,-1.2758845
5856,8.29046
6328,6.1337285
7708,43.14071
4383,191.86368
4238,5.939445
7143,2.8242376
901,6.25583
8260,-129.25087
9920,30.79787
9068,34.920452
6838,-35.21097
6849,-31.991282
6748,-2.1429093
2422,-0.8898372
2293,155.20517
6347,8.5348425
4879,12.418952
566,8.578924
7812,59.85885
5971,-0.31267717
7340,-7.048159
8546,31.112127
406,4.20303
7055,2.7499948
8909,1.828173
1752,1048.9111
4710,-52.016033
9497,5.1449475
5115,2.4106236
9736,16.757751
6674,-455.46945
3810,4.8194566
5012,2.0148077
572,-559.24445
274,1.5398331
6734,-0.71317
3143,0.98541725
9003,12.923312
593,-0.42639273
8693,-187.65152
8220,12.678064
6046,53.608723
6305,-120.19511
3725,-92.83398
6346,74.74164
3901,9.450079
7300,5.1835904
6442,4.4242454
2243,-14.3195305
9217,-1.9999382
5548,267.105
7374,29.671717
7591,2.0091918
2702,5.0394454
7275,0.9191526
1366,-2.5364413
8001,21.8833
5030,53.576283
6921,10.487827
5919,4.34564
6632,-102.02932
63,19.335358
831,7.738664
1883,26.684175
9375,85.41799
5972,362.958
1094,142.6682
7479,-187.57094
1357,17.470972
1599,1.7849327
6335,5.3120184
5850,72.28837
2636,-41.053993
2023,-18.029314
5606,37.448532
9773,7.84392
1826,-4.1283617
4504,-127.04952
664,5.8792925
909,35.583927
194,2.9168618
7556,3.6181033
1179,-4.018785
6537,-2.7776487
9719,8.957629
8922,-86.79236
5117,29.637829
5354,4.821665
7281,132.17552
9735,2.9830046
4654,15.162911
8861,3.8059473
1534,-0.40765625
3159,12.204506
4126,1.7881945
2380,-8.941051
7514,4.4680204
457,2.1802444
2969,72.76242
674,125.87946
8786,-14.796423
1995,21.601837
2003,-168.08195
2415,15.497415
7181,6.1469235
9484,-20.707296
308,-7.5458302
8307,-6.5327387
9621,-66.49922
504,6.0773516
3931,15.822719
8644,13.838905
5958,-398.0151
4747,-7.671661
2920,11.6687565
9667,8.837791
4378,2.6181867
6049,129.4593
6536,134.68222
3504,5.7745132
977,-6.2960305
6338,106.546295
4739,-45.388836
5201,-410.95746
8952,-0.5642528
5689,1.8204876
7902,-355.83423
1351,2.3311956
7588,4.181046
3938,-71.724945
1126,8.415925
3448,5.068635
3745,5.7521124
2221,-16.900738
8287,7.1683493
5242,2.6110256
720,16.358541
4713,2.0420485
3277,55.741104
2635,5.121911
7403,1.9519149
3677,6.9653916
7392,189.74107
7811,9.714907
4942,0.17663173
1683,-12.247134
609,2.0001047
1565,-14.082166
1727,229.67627
8113,64.71766
7941,-1.0635227
8221,2.3196113
9411,15.107577
210,-6.690887
3402,4.3820252
3421,-95.44687
4645,107.6904
7773,3.5469255
1887,2.3298893
9955,4.1709275
9052,29.048935
7459,-198.44351
6976,357.9255
8654,32.519085
1574,5.4298215
7006,-149.70064
9993,-1.3989733
3390,-63.274128
9498,28.276093
4570,0.8728292
2149,176.18018
2077,-18.049944
9352,54.321613
5312,103.06807
1473,17.01172
8116,-38.59561
6723,80.350655
6359,-23.866432
9732,61.58084
7716,7.8318324
580,138.54993
9114,49.627144
2197,2.618986
2525,-162.03362
10,-5.1196775
7535,11.201252
771,2.397021
9284,7.447088
3704,16.827972
2844,43.31437
468,-2.1941583
440,483.71234
3760,-21.60802
9219,-10.143033
2868,-6.5115037
7783,-12.052163
1830,33.569603
14,338.07025
7214,4.4573383
1308,3.9533024
5177,-9.209814
2226,-1.6915998
9609,16.46936
3043,2.0492978
9940,3.3478158
8835,8.195248
3245,2.7431386
6230,34.281258
1753,-2.1385782
2102,80.338165
5304,0.6660928
6486,16.756947
354,15.13014
1787,5.4855456
6487,-20.533539
5465,3.461876
7695,9.350473
6950,20.830536
5514,5.938255
8817,-29.267
4706,-73.56254
